522504689209053187;installator5;"La Sp√©cialiste de votre Int√©rieur :  : Description de l'Entreprise - LE DEVELOPPEMENT DURABLE¬†√†... ";Wed Oct 15 23:50:00 CEST 2014;Hello world
522473954242342912;HellStorm09;"J'aime une vid√©o de @benoitdx9¬†- HELLO WORLD ";Wed Oct 15 21:47:52 CEST 2014;Hello world
522395916888989696;ThierryValker;"L'expert des interrogatoires. Vous avez certainement d√©j√† entendu parler de Dushan Janci  ";Wed Oct 15 16:37:46 CEST 2014;Hello world
522342225141702656;SagoeHenri;"Hier c'√©tait a Today lannif de ma lory_la_nigga  coming  Hello My world ";Wed Oct 15 13:04:25 CEST 2014;Hello world
522288043282427906;elcoyotte2;"hello world ! on est mercredi et il reste encore deux semaines avant ";Wed Oct 15 09:29:07 CEST 2014;Hello world
522265002296999936;MagneticDust;"J'ai bien aim√© ¬´¬†Hello World :) - English subtitles¬†¬ª sur Vimeo: ";Wed Oct 15 07:57:34 CEST 2014;Hello world
522263391596216320;Da_n_World;"Hello Twitter!!!  C'est l'heure d'aller travailler Have a good day üíãüíã ";Wed Oct 15 07:51:10 CEST 2014;Hello world
522214025808322560;installator5;"La Sp√©cialiste de votre Int√©rieur :  : Description de l'Entreprise - LE DEVELOPPEMENT DURABLE¬†√†... ";Wed Oct 15 04:35:00 CEST 2014;Hello world
522126938006368256;RebeccaCerson;"Hello World ! - Hey guys¬†! How are you¬†? Voil√†¬†! J‚Äôai d√©cid√© de lancer mon blog d‚Äôactualit√©s, qui vous... ";Tue Oct 14 22:48:57 CEST 2014;Hello world
522082039810383872;Neizhh;"J'aime une vid√©o de @benoitdx9¬†- HELLO WORLD ";Tue Oct 14 19:50:32 CEST 2014;Hello world
522045264090398721;BandYOU;"Hello! World&YOU reste la meilleure solution qd vs √™tes √† l'√©tranger. C'est utilisable en WiFi OU 3G :-) . Sinon, les 1/2 ";Tue Oct 14 17:24:24 CEST 2014;Hello world
521984268223135744;AngelikSings;"Hello les amis !!! Si vous aimez les world, jazz &soul cette invitation est pour vous ;) Venez d√©couvrir 'Sons... ";Tue Oct 14 13:22:02 CEST 2014;Hello world
521976031331504129;installator5;"La Sp√©cialiste de votre Int√©rieur :  : Description de l'Entreprise - LE DEVELOPPEMENT DURABLE¬†√†... ";Tue Oct 14 12:49:18 CEST 2014;Hello world
522504689209053187;installator5;"La Sp√©cialiste de votre Int√©rieur :  : Description de l'Entreprise - LE DEVELOPPEMENT DURABLE¬†√†... ";Wed Oct 15 23:50:00 CEST 2014;Hello world
522473954242342912;HellStorm09;"J'aime une vid√©o de @benoitdx9¬†- HELLO WORLD ";Wed Oct 15 21:47:52 CEST 2014;Hello world
522395916888989696;ThierryValker;"L'expert des interrogatoires. Vous avez certainement d√©j√† entendu parler de Dushan Janci  ";Wed Oct 15 16:37:46 CEST 2014;Hello world
522342225141702656;SagoeHenri;"Hier c'√©tait a Today lannif de ma lory_la_nigga  coming  Hello My world ";Wed Oct 15 13:04:25 CEST 2014;Hello world
522288043282427906;elcoyotte2;"hello world ! on est mercredi et il reste encore deux semaines avant ";Wed Oct 15 09:29:07 CEST 2014;Hello world
522265002296999936;MagneticDust;"J'ai bien aim√© ¬´¬†Hello World :) - English subtitles¬†¬ª sur Vimeo: ";Wed Oct 15 07:57:34 CEST 2014;Hello world
522263391596216320;Da_n_World;"Hello Twitter!!!  C'est l'heure d'aller travailler Have a good day üíãüíã ";Wed Oct 15 07:51:10 CEST 2014;Hello world
522214025808322560;installator5;"La Sp√©cialiste de votre Int√©rieur :  : Description de l'Entreprise - LE DEVELOPPEMENT DURABLE¬†√†... ";Wed Oct 15 04:35:00 CEST 2014;Hello world
522126938006368256;RebeccaCerson;"Hello World ! - Hey guys¬†! How are you¬†? Voil√†¬†! J‚Äôai d√©cid√© de lancer mon blog d‚Äôactualit√©s, qui vous... ";Tue Oct 14 22:48:57 CEST 2014;Hello world
522082039810383872;Neizhh;"J'aime une vid√©o de @benoitdx9¬†- HELLO WORLD ";Tue Oct 14 19:50:32 CEST 2014;Hello world
522045264090398721;BandYOU;"Hello! World&YOU reste la meilleure solution qd vs √™tes √† l'√©tranger. C'est utilisable en WiFi OU 3G :-) . Sinon, les 1/2 ";Tue Oct 14 17:24:24 CEST 2014;Hello world
521984268223135744;AngelikSings;"Hello les amis !!! Si vous aimez les world, jazz &soul cette invitation est pour vous ;) Venez d√©couvrir 'Sons... ";Tue Oct 14 13:22:02 CEST 2014;Hello world
521976031331504129;installator5;"La Sp√©cialiste de votre Int√©rieur :  : Description de l'Entreprise - LE DEVELOPPEMENT DURABLE¬†√†... ";Tue Oct 14 12:49:18 CEST 2014;Hello world
522504689209053187;installator5;"La Sp√©cialiste de votre Int√©rieur :  : Description de l'Entreprise - LE DEVELOPPEMENT DURABLE¬†√†... ";Wed Oct 15 23:50:00 CEST 2014;Hello world
522473954242342912;HellStorm09;"J'aime une vid√©o de @benoitdx9¬†- HELLO WORLD ";Wed Oct 15 21:47:52 CEST 2014;Hello world
522395916888989696;ThierryValker;"L'expert des interrogatoires. Vous avez certainement d√©j√† entendu parler de Dushan Janci  ";Wed Oct 15 16:37:46 CEST 2014;Hello world
522342225141702656;SagoeHenri;"Hier c'√©tait a Today lannif de ma lory_la_nigga  coming  Hello My world ";Wed Oct 15 13:04:25 CEST 2014;Hello world
522288043282427906;elcoyotte2;"hello world ! on est mercredi et il reste encore deux semaines avant ";Wed Oct 15 09:29:07 CEST 2014;Hello world
522265002296999936;MagneticDust;"J'ai bien aim√© ¬´¬†Hello World :) - English subtitles¬†¬ª sur Vimeo: ";Wed Oct 15 07:57:34 CEST 2014;Hello world
522263391596216320;Da_n_World;"Hello Twitter!!!  C'est l'heure d'aller travailler Have a good day üíãüíã ";Wed Oct 15 07:51:10 CEST 2014;Hello world
522214025808322560;installator5;"La Sp√©cialiste de votre Int√©rieur :  : Description de l'Entreprise - LE DEVELOPPEMENT DURABLE¬†√†... ";Wed Oct 15 04:35:00 CEST 2014;Hello world
522126938006368256;RebeccaCerson;"Hello World ! - Hey guys¬†! How are you¬†? Voil√†¬†! J‚Äôai d√©cid√© de lancer mon blog d‚Äôactualit√©s, qui vous... ";Tue Oct 14 22:48:57 CEST 2014;Hello world
522082039810383872;Neizhh;"J'aime une vid√©o de @benoitdx9¬†- HELLO WORLD ";Tue Oct 14 19:50:32 CEST 2014;Hello world
522045264090398721;BandYOU;"Hello! World&YOU reste la meilleure solution qd vs √™tes √† l'√©tranger. C'est utilisable en WiFi OU 3G :-) . Sinon, les 1/2 ";Tue Oct 14 17:24:24 CEST 2014;Hello world
521984268223135744;AngelikSings;"Hello les amis !!! Si vous aimez les world, jazz &soul cette invitation est pour vous ;) Venez d√©couvrir 'Sons... ";Tue Oct 14 13:22:02 CEST 2014;Hello world
521976031331504129;installator5;"La Sp√©cialiste de votre Int√©rieur :  : Description de l'Entreprise - LE DEVELOPPEMENT DURABLE¬†√†... ";Tue Oct 14 12:49:18 CEST 2014;Hello world
522504689209053187;installator5;"La Sp√©cialiste de votre Int√©rieur :  : Description de l'Entreprise - LE DEVELOPPEMENT DURABLE¬†√†... ";Wed Oct 15 23:50:00 CEST 2014;Hello world
522473954242342912;HellStorm09;"J'aime une vid√©o de @benoitdx9¬†- HELLO WORLD ";Wed Oct 15 21:47:52 CEST 2014;Hello world
522395916888989696;ThierryValker;"L'expert des interrogatoires. Vous avez certainement d√©j√† entendu parler de Dushan Janci  ";Wed Oct 15 16:37:46 CEST 2014;Hello world
522342225141702656;SagoeHenri;"Hier c'√©tait a Today lannif de ma lory_la_nigga  coming  Hello My world ";Wed Oct 15 13:04:25 CEST 2014;Hello world
522288043282427906;elcoyotte2;"hello world ! on est mercredi et il reste encore deux semaines avant ";Wed Oct 15 09:29:07 CEST 2014;Hello world
522265002296999936;MagneticDust;"J'ai bien aim√© ¬´¬†Hello World :) - English subtitles¬†¬ª sur Vimeo: ";Wed Oct 15 07:57:34 CEST 2014;Hello world
522263391596216320;Da_n_World;"Hello Twitter!!!  C'est l'heure d'aller travailler Have a good day üíãüíã ";Wed Oct 15 07:51:10 CEST 2014;Hello world
522214025808322560;installator5;"La Sp√©cialiste de votre Int√©rieur :  : Description de l'Entreprise - LE DEVELOPPEMENT DURABLE¬†√†... ";Wed Oct 15 04:35:00 CEST 2014;Hello world
522126938006368256;RebeccaCerson;"Hello World ! - Hey guys¬†! How are you¬†? Voil√†¬†! J‚Äôai d√©cid√© de lancer mon blog d‚Äôactualit√©s, qui vous... ";Tue Oct 14 22:48:57 CEST 2014;Hello world
522082039810383872;Neizhh;"J'aime une vid√©o de @benoitdx9¬†- HELLO WORLD ";Tue Oct 14 19:50:32 CEST 2014;Hello world
522045264090398721;BandYOU;"Hello! World&YOU reste la meilleure solution qd vs √™tes √† l'√©tranger. C'est utilisable en WiFi OU 3G :-) . Sinon, les 1/2 ";Tue Oct 14 17:24:24 CEST 2014;Hello world
521984268223135744;AngelikSings;"Hello les amis !!! Si vous aimez les world, jazz &soul cette invitation est pour vous ;) Venez d√©couvrir 'Sons... ";Tue Oct 14 13:22:02 CEST 2014;Hello world
521976031331504129;installator5;"La Sp√©cialiste de votre Int√©rieur :  : Description de l'Entreprise - LE DEVELOPPEMENT DURABLE¬†√†... ";Tue Oct 14 12:49:18 CEST 2014;Hello world
524470337598025728;_Babylone;"Lettre de soumission d’une jeune fille au marquis de Sade : « Je lui fais le sacrifice de ma vie » - Rue89 ";Tue Oct 21 10:00:47 CEST 2014;babylone
524468182900559872;RadioKC;"Oyez  Ainée des Gaules & Babylone  Sais tu Belle Ville qu'en ton sein claironne, résonne et Funktionne  Le Son des ";Tue Oct 21 09:52:13 CEST 2014;babylone
524467423794040832;_Babylone;"Masturbation : avec un coussin ou avec les doigts, ce que racontent nos gestes - Rue89 Dès le matin ! ";Tue Oct 21 09:49:12 CEST 2014;babylone
524458476517724160;_Babylone;"Bordeaux, Lyon, Tours, Rouen.... idées destinations prochaines ! ";Tue Oct 21 09:13:39 CEST 2014;babylone
524443033459490816;dbourrion;"Nope j'ai raté la correspondance je suis passé par nulle part “... En provenance de Babylone?” ";Tue Oct 21 08:12:17 CEST 2014;babylone
524442572027355136;J_Beneteau;"... En provenance de Babylone? ";Tue Oct 21 08:10:27 CEST 2014;babylone
524431418513162240;_Babylone;"Mort du couturier Oscar de la Renta Le Monde ";Tue Oct 21 07:26:08 CEST 2014;babylone
524395240216883200;divaradiodisco;"Bob Babylone & Les Salopettes - Viva Dracula...  on Diva Radio DISCO ";Tue Oct 21 05:02:22 CEST 2014;babylone
524367916289257472;WinessZrk;"Babylone il a fait dans sa vie j'croit ";Tue Oct 21 03:13:48 CEST 2014;babylone
524363464194932737;IvanJoukov;"Je suis à un stade où j'ai envie de refaire 'Le maire de Babylone'. ";Tue Oct 21 02:56:06 CEST 2014;babylone
524351419273719808;Kasdaay;"Lion de Babylone dévorant un jihadiste ";Tue Oct 21 02:08:14 CEST 2014;babylone
524335513772113920;inesdjzr;"hhhhhhhhhhhhhh chetttttt !!!!!! Édition babylone chkoun gareb chkoun présente cheba Ineeeessss hhhhhhhh ";Tue Oct 21 01:05:02 CEST 2014;babylone
524325198279880704;elbassirbouchra;"écoute Babylone kahlate laayoun ";Tue Oct 21 00:24:03 CEST 2014;babylone
